dom,samp,diff1,diff2,diff3,diff4,diff5,diff6
1,1,-14.9579796264856,-59.554753820034,-17.5793718166384,-46.9418505942275,-261.98726655348,-63.5916808149406
1,2,32.5483870967743,-9.21901528013586,24.4265704584041,-2.76485568760609,204.137096774194,110.760186757216
1,3,16.9834465195246,-7.87691001697794,44.9397283531408,-28.0097623089983,-142.606960950764,-32.4753820033956
1,4,-36.0382003395586,-50.94779286927,-27.5377758913413,1.85271646859087,208.587860780985,-28.3157894736842
1,5,-17.2877758913413,-24.902376910017,-60.5793718166384,-35.2563667232598,-144.243208828523,27.0666383701189
1,6,-79.5025466893039,-124.410016977929,-109.321731748727,-55.1977928692699,-154.908743633277,-26.9376061120543
1,7,-40.3073005093378,-61.4269949066214,-43.4431239388795,-18.0632427843803,-65.2894736842105,135.224108658744
1,8,-13.2550933786078,-31.651103565365,-42.9422750424449,-0.911714770797914,370.516129032258,74.5759762308999
1,9,-0.0662139219015216,3.16850594227503,27.7623089983022,14.6243633276741,-90.5598471986418,-7.12775891341255
1,10,-15.8535653650254,-19.3242784380305,-26.7389643463498,-26.8752122241086,58.3705432937182,-15.9125636672326
1,11,-4.80942275042446,-11.0611205432938,-26.0785229202038,-46.4354838709677,-47.1680814940577,-59.536078098472
1,12,-8.81069609507637,-17.8043293718166,-53.8858234295417,-44.1540747028862,-107.050933786078,187.891341256367
1,13,-5.95755517826819,-2.1918505942275,2.81281833616299,11.4889643463497,-188.696519524618,-52.105687606112
1,14,-39.9486417657046,-45.6383701188455,-46.830220713073,3.4626485568761,13.6863327674024,-37.6315789473684
1,15,-5.53565365025463,38.5178268251274,14.9885398981323,0.441001697792899,147.72156196944,-5.61375212224107
1,16,66.2865025466893,92.4146859083191,67.2555178268251,28.4872665534805,-174.154499151104,-9.14685908319183
1,17,-2.82003395585741,5.67529711375209,-7.7067062818337,9.48047538200342,-43.6477079796264,-52.9766553480475
1,18,13.0067911714771,65.6192699490662,23.8730899830221,22.7805602716469,-35.8667232597623,-27.4673174872665
1,19,-28.9842954159593,-68.7877758913413,-56.9087436332768,-4.5004244482173,137.98259762309,-84.0874363327674
1,20,-27.9320882852292,-48.2635823429541,-47.8845500848897,-1.68123938879455,4.64898132427845,7.38073005093378
1,21,-12.7618845500849,-47.8803056027165,-11.401103565365,27.4524617996605,147.721137521222,44.4044991511036
1,22,-49.9885398981324,-62.3603565365025,-40.4146859083193,-14.9286926994906,-152.232173174873,38.2542444821732
1,23,52.6837860780985,70.7266553480475,72.4579796264856,20.2665534804754,-22.2415110356536,-64.9316638370119
1,24,15.3820033955858,21.8968590831919,20.8739388794567,45.8667232597624,-50.8391341256366,-29.4847198641766
1,25,-11.6540747028862,-14.5424448217318,15.525466893039,-7.27631578947364,-77.4724108658743,20.2920203735144
1,26,15.0666383701189,35.3590831918506,43.5861629881155,17.7033106960951,-150.288200339559,-26.758064516129
1,27,-35.0458404074703,-35.4435483870968,-41.7614601018677,10.6226655348048,-186.540322580645,45.471986417657
1,28,-5.55093378607808,-6.54159592529709,0.278862478777569,20.9142614601019,-69.3832767402376,8.95033955857389
1,29,-66.8641765704584,-59.3633276740238,-68.421052631579,-45.9622241086587,-241.541595925297,-28.6990662139219
1,30,40.9329371816639,71.5738539898132,83.2224108658743,16.2839558573854,14.4248726655348,-65.347623089983
1,31,-19.7979626485568,-15.3412563667233,-32.0424448217318,-29.2156196943973,-153.369694397283,6.3085738539898
1,32,13.838285229202,-15.2525466893039,23.6298811544991,19.8132427843803,31.8459252971138,-45.1065365025467
1,33,56.5797962648558,18.3306451612904,30.9036502546688,17.1680814940577,191.876910016978,34.088285229202
1,34,-13.2504244482173,5.21561969439722,-12.7385398981324,-25.5891341256366,-8.93336162988112,-92.8786078098472
1,35,-22.0297113752122,-29.169779286927,-45.5,-38.4613752122241,-139.312393887946,-20.5356536502547
1,36,-96.8094227504244,-94.7801358234295,-99.1014431239389,-9.01103565365025,157.657470288625,-91.0955008488964
1,37,20.9974533106961,71.7385398981324,39.9482173174872,10.5288624787776,-108.357809847199,1.27164685908321
1,38,-16.3841256366723,-0.452461799660455,-12.4668930390493,-23.6714770797963,-189.170203735144,-19.3705432937182
1,39,-3.16171477079797,-7.37606112054334,2.13964346349746,-18.6158743633276,-195.656196943973,-45.435908319185
1,40,-6.69779286926996,5.93081494057719,23.9401528013582,-8.99151103565362,-161.191850594227,81.0169779286927
1,41,-11.0831918505942,6.96519524617997,-51.9176570458404,-41.5551782682513,317.117996604414,75.4516129032258
1,42,-21.776740237691,-31.894312393888,-11.9346349745332,11.9953310696096,133.01273344652,-61.7983870967742
1,43,-34.1799660441426,-31.2478777589134,-26.4685908319185,-18.9049235993209,8.52461799660443,-38.8374363327674
1,44,-73.1320033955857,-100.943548387097,-100.29753820034,-41.660441426146,-35.2979626485568,0.0730050933786401
1,45,0.269524617996581,26.3251273344652,-34.9554329371817,1.69864176570462,-61.2461799660441,-32.1396434634974
1,46,-9.5373514431239,-42.6494057724958,-17.3692699490663,-29.2202886247878,-157.644736842105,58.1434634974533
1,47,-23.0106112054329,-10.0623938879456,-58.5076400679118,-42.3870967741935,-224.725806451613,-9.80899830220713
1,48,-46.2364176570458,-26.4354838709678,-69.6277589134125,-30.0237691001698,-157.775466893039,-73.473259762309
1,49,-29.6345500848896,-42.5526315789474,-37.331494057725,-19.6048387096774,-39.1447368421053,-70.0271646859083
1,50,27.8166383701189,75.7249575551782,28.5963497453311,34.2996604414262,499.163412563667,78.9193548387097
1,51,-15.4342105263158,-2.29499151103562,-8.12606112054334,25.6893039049236,82.919779286927,19.8586587436333
1,52,54.7831069609508,42.2194397283531,66.5730050933786,16.2932937181664,350.02843803056,91.419779286927
1,53,-25.338285229202,-31.4736842105264,-25.8913412563668,18.0984719864177,15.2215619694397,94.3204584040747
1,54,-8.93081494057725,-27.7920203735144,-49.4295415959253,-9.10398981324278,42.8599320882852,6.34507640067915
1,55,-13.4605263157894,-21.5878607809848,-23.1222410865875,-0.550933786078076,-42.75,-39.0827674023769
1,56,-33.3760611205433,-47.044142614601,-68.9418505942275,-24.6311544991511,-14.7033106960951,-48.9125636672326
1,57,-0.275891341256283,-9.10144312393891,-55.2041595925298,-30.6362478777589,-126.679966044143,-8.62139219015279
1,58,-25.5445670628183,-49.2079796264856,-85.4864176570459,-37.0827674023769,223.19779286927,-33.1651103565365
1,59,9.93760611205437,-8.27928692699493,-15.4172325976232,-2.29371816638366,-200.100169779287,-5.18421052631578
1,60,-25.3064516129032,-33.5551782682513,-35.8892190152802,-0.501697792869265,-57.3947368421053,-76.9792020373514
1,61,-9.97580645161287,-26.1315789473684,-25.7839558573854,-37.5670628183361,-72.4257215619694,15.3565365025467
1,62,35.3798811544992,60.7249575551782,55.652376910017,45.3013582342954,-40.6404923599321,-41.2614601018676
1,63,23.4741086587437,73.3064516129032,51.9129881154498,17.7003395585739,-174.805602716469,-92.2474533106961
1,64,32.5033955857385,31.605687606112,15.4134125636672,-2.69015280135818,-3.54456706281832,127.414685908319
1,65,-86.3841256366723,-64.8268251273345,-72.7699490662139,-27.8938879456706,-83.1960950764006,-10.4168081494058
1,66,29.5029711375213,41.9028013582342,54.4673174872665,-6.4787775891341,-209.426994906621,-110.078947368421
1,67,-9.68378607809842,-22.5793718166384,-27.7185908319185,-9.05305602716464,343.981748726655,61.0229202037352
1,68,-10.2084040747029,18.5912563667232,-4.23259762308999,21.8374363327674,167.342529711375,55.8730899830221
1,69,7.55305602716476,19.6027164685909,31.7644312393887,-5.04753820033955,521.528862478778,-124.038624787776
1,70,-28.9762308998302,-8.43887945670633,-37.124363327674,-15.8548387096774,-150.33064516129,34.6799660441426
1,71,9.50212224108657,-3.34974533106958,-2.37393887945677,-15.6676570458404,30.0076400679117,-22.152376910017
1,72,-15.2381154499151,9.82385398981319,-29.4367572156198,-2.06578947368416,-71.9380305602716,-102.390492359932
1,73,24.3319185059423,63.3603565365025,54.9448217317487,37.7211375212224,6.4138370118846,81.3056027164686
1,74,-1.27886247877757,9.78692699490659,-28.2843803056028,10.8781833616299,149.140916808149,-42.3629032258064
1,75,-29.5806451612903,-16.9524617996605,-88.5097623089983,-74.5704584040747,-110.393887945671,-29.5398981324278
1,76,-34.6167232597623,-38.1816638370119,-1.7657045840408,2.03947368421058,3.9091680814941,-120.081494057725
1,77,10.5140067911715,18.0475382003395,55.3607809847198,30.7975382003396,-72.5195246179966,-26.7525466893039
1,78,-3.74660441426147,-21.3119694397284,0.868421052631561,4.36035653650259,-124.901528013582,-44.2877758913413
1,79,38.53480475382,63.5674872665535,71.0819185059422,22.5967741935484,89.5734295415959,-119.727504244482
1,80,-17.0797962648556,-51.2979626485569,-33.1956706281834,-5.85780984719861,-97.0993208828523,-6.28735144312395
1,81,15.6252122241087,20.3442275042445,32.6447368421052,21.8667232597624,-104.269100169779,22.5653650254669
1,82,-13.8786078098472,-19.4575551782683,-31.6578947368422,-14.5140067911714,-98.9460950764006,-2.41765704584037
1,83,27.0398981324279,50.4142614601019,63.169779286927,65.9974533106961,354.08701188455,36.6001697792869
1,84,-27.258064516129,8.4944821731749,-31.3111205432938,-11.9957555178268,149.428268251273,-34.625636672326
1,85,30.3764855687606,43.8726655348047,60.7920203735143,11.3005093378608,-146.529286926995,-21.3280984719864
1,86,24.6986417657046,-22.2928692699491,-6.97241086587439,-7.45118845500843,-195.795415959253,-19.1332767402377
1,87,42.3187606112054,51.3293718166384,68.9363327674023,46.8302207130731,30.8387096774194,5.20373514431242
1,88,-61.4460950764006,-101.941001697793,-72.9796264855688,-20.1226655348048,-37.3187606112054,11.2618845500849
1,89,75.8306451612904,124.11544991511,144.203310696095,59.6090831918506,-71.4796264855688,-44.275466893039
1,90,28.1341256366724,13.1294567062819,13.5097623089982,27.4151103565365,176.858658743633,5.07215619694398
1,91,20.8858234295416,22.7695246179966,7.72920203735146,-12.8365874363328,-130.356536502547,11.9189303904924
1,92,-30.5921052631579,-53.9808998302208,-63.5322580645162,-36.4961799660441,-117.108234295416,-59.2788624787776
1,93,-33.3387096774193,-27.9821731748726,-78.0984719864177,-30.7894736842105,324.301358234295,-29.7852292020373
1,94,-43.330220713073,-55.8985568760611,-76.7818336162989,-40.5657894736842,-110.328098471986,-76.8518675721562
1,95,-6.26867572156198,-19.5755517826825,-20.3552631578948,8.26188455008491,-239.235568760611,-34.4401528013582
1,96,0.370543293718242,40.8238539898132,-5.18208828522927,8.11969439728358,65.7105263157895,35.1116298811545
1,97,-55.3017826825127,-69.5059422750425,-74.937181663837,-18.1362478777589,125.461799660441,-20.7292020373514
1,98,-34.2410865874363,-83.233870967742,-79.2143463497454,-30.4571307300509,-112.622665534805,-22.1349745331069
1,99,23.5411714770798,31.5874363327674,2.61205432937174,-1.26273344651952,-27.5432937181664,99.9168081494058
1,100,8.56069609507642,16.659168081494,3.85653650254665,-0.953735144312361,360.070033955857,-31.3735144312394
2,1,17.0555859802848,20.4920591456736,41.5418948521358,26.999726177437,-39.4748083242059,152.23165388828
2,2,-19.237404162103,3.08461117196055,-13.3389923329682,-3.65717415115006,84.0301204819277,-11.7505476451259
2,3,-40.8477546549836,-65.9498904709748,-27.0276560788609,-37.0988499452355,57.8307776560789,11.7680722891566
2,4,32.9096385542168,25.5512048192771,33.3871851040525,2.81297918948525,131.049014238773,102.218236582694
2,5,-11.9956188389924,-19.3652792990143,-59.0432639649508,-56.9934282584885,-68.7990142387733,-42.8608981380066
2,6,26.1599123767799,7.2699890470974,0.830230010952846,-6.82913472070095,387.622124863089,226.564622124863
2,7,-20.7250821467689,-13.5427163198248,-17.4529025191677,7.71768893756848,451.146768893757,25.3860898138007
2,8,-23.8762322015334,0.299288061336256,-14.9151150054765,38.0142387732749,-96.5662650602409,68.0887185104052
2,9,-8.0276560788609,-9.13170865279301,-28.3603504928807,-17.3581599123768,352.184830230011,58.0635268346111
2,10,-43.0076670317634,-26.9501642935378,-55.9047097480833,-27.3179079956188,-234.432639649507,-141.618838992333
2,11,-1.6659364731654,-6.34967141292441,-0.428258488499523,29.6982475355969,109.111445783133,49.592004381161
2,12,5.79928806133626,-12.5868017524645,10.920317634173,0.790525739320913,170.644852135816,112.393209200438
2,13,13.3603504928806,-10.6952354874041,-22.2762869660461,-2.67497261774366,329.71139101862,207.6856516977
2,14,-21.23713033954,-44.5375136911282,-52.1779846659365,-24.9786418400876,18.6875684556408,69.4512595837897
2,15,10.1752464403067,9.7976451259583,4.78614457831316,7.93565169769988,229.332968236583,132.333242059146
2,16,35.0988499452355,20.5536692223438,46.3220153340635,4.79819277108436,-52.3600766703177,-44.0884446878423
2,17,13.4857612267251,30.7910733844468,43.1982475355969,2.32502738225634,-142.981927710843,-78.5851588170866
2,18,24.9233296823658,3.45728368017524,26.5930996714129,33.3047645125959,-80.118291347207,197.251642935378
2,19,-5.80722891566268,-12.6673055859803,-46.0243702081052,-31.8622672508214,223.184282584885,48.3280394304491
2,20,50.1015881708653,67.7636911281489,83.7278203723986,37.802300109529,-46.7656078860898,85.4712486308871
2,21,-3.93127053669224,8.60788608981375,-14.2469879518073,-1.20427163198246,-113.844194961665,-143.027108433735
2,22,25.1432092004381,17.2289156626506,38.8294085432639,-2.51615553121576,-132.728915662651,-15.0514786418401
2,23,-68.6276013143483,-66.3521358159913,-105.847480832421,-77.4518072289156,-187.453176341731,-72.5361445783133
2,24,-34.6495071193867,-35.1755202628697,-45.2174151150056,-23.8918400876232,-37.472891566265,-11.0774917853231
2,25,4.77957283680172,20.6667579408543,0.904983570646209,-15.7579408543264,3.83789704271635,-66.0692771084338
2,26,-20.5366922234392,-17.0440854326397,-29.8625410733845,-12.8239320920044,29.5878970427163,-101.302573932092
2,27,35.9980832420591,2.69523548740415,-6.43592552026291,-1.27245345016428,-51.5106790799562,27.2820372398685
2,28,0.346659364731636,9.48713033953993,14.5925520262869,-6.81818181818181,-26.6122672508214,-78.2319277108434
2,29,40.4633077765608,13.6114457831325,53.5399780941949,37.0175246440307,-99.2426067907996,136.970153340635
2,30,-31.7029025191676,-10.6749726177437,3.04271631982465,-4.79600219058051,-61.7639649507119,-69.6338992332969
2,31,-28.5101314348303,-17.9857612267251,-58.0799561883899,-25.4326396495071,-33.2004381161008,20.6043263964951
2,32,-4.105147864184,-21.88143483023,-36.4912376779847,-39.6508762322015,-36.0194414019715,-14.5405257393209
2,33,14.0383351588171,-11.934556407448,-4.23986856516979,2.0553121577218,129.607064622125,-49.645125958379
2,34,-7.63225629791896,3.328587075575,-10.001642935378,-0.115553121577193,-36.4222343921139,126.503285870756
2,35,-6.8606243154436,-18.4493428258489,10.5947426067908,-22.1599123767799,-121.210295728368,5.66401971522453
2,36,22.6303395399781,30.6788061336254,-2.85213581599135,-10.6191128148959,-214.118291347207,-55.7855969331873
2,37,28.7313800657174,13.4227820372398,60.2015334063526,30.5232749178533,51.1673055859803,-44.5117743702081
2,38,4.81681270536689,-5.58953997809419,-12.9589266155532,-26.0739320920044,-168.584884994524,-93.2387732749179
2,39,-1.93784227820373,11.7302847754655,6.61829134720699,17.6010405257393,267.774917853231,13.2001642935378
2,40,-45.591730558598,-46.4266155531216,-11.2075575027383,-24.3984118291347,-214.150876232202,-112.133899233297
2,41,-11.5802300109529,22.314622124863,8.42086527929894,8.72891566265059,-18.4520810514786,-71.9022453450165
2,42,-49.2760131434831,-17.0525739320921,-46.2946330777656,-9.48603504928803,28.6059693318729,-103.15717415115
2,43,-39.9279846659365,-20.9915115005477,-24.4830230010954,-20.1541621029573,-62.592552026287,-81.3042168674699
2,44,3.75766703176339,-1.32201533406351,25.1497809419495,1.5591456736035,379.526013143483,147.859529025192
2,45,9.2803943044907,13.4104600219058,6.05065717415107,19.5736582694414,4.09337349397589,10.9307228915662
2,46,50.5041073384447,50.0558598028477,78.775465498357,12.7740963855422,118.057228915663,59.7946330777656
2,47,3.47097480832417,-13.9550930996714,22.1292442497261,9.42442497261777,-128.483023001095,-32.6996166484118
2,48,6.78696604600219,22.0591456736034,-10.3754107338445,-34.9274370208105,-106.596933187295,22.0323110624315
2,49,-45.0191675794085,-61.6656626506024,-72.2439759036146,-20.6809967141292,192.872672508215,-16.1497809419496
2,50,50.3792442497262,59.7469879518072,67.2957283680174,32.8863636363636,72.1130887185104,55.2905257393209
2,51,-15.9022453450165,-4.08077765607891,-39.8094194961666,-27.7943592552026,-79.131982475356,-57.8315991237678
2,52,4.50848849945237,-0.248904709748103,-5.30257393209206,0.77546549835705,-86.7530120481928,-2.27108433734941
2,53,3.81161007667032,-18.1757940854326,14.591182913472,-30.6763417305586,-142.048466593647,-104.093373493976
2,54,18.7122124863089,14.3469331872946,-31.6336254107339,-6.52656078860895,46.3926615553121,183.837623220153
2,55,-6.90963855421688,-23.9449616648412,-20.724534501643,-8.17360350492879,24.946878422782,-16.5703723986857
2,56,-52.6870208105148,-48.1941401971523,-41.066265060241,-19.75,-119.903340635268,-13.803669222344
2,57,13.4956188389923,50.328313253012,44.2957283680174,22.5336801752464,-197.019167579409,-85.6812705366922
2,58,-34.2434282584885,-26.4225082146769,-54.8474808324206,-27.0977546549835,-131.346933187295,-71.0238225629792
2,59,21.7409638554217,24.1037787513691,12.9597480832419,-0.033132530120497,-4.74069003285871,102.422508214677
2,60,8.07940854326392,-1.75410733844467,31.0172508214677,16.3893756845564,21.9301752464403,-65.815443592552
2,61,-23.4720700985761,-19.9512595837897,-48.5298466593648,-37.5876232201533,56.7779299014239,36.7938116100767
2,62,-8.04244249726179,25.6782584884994,39.7174151150055,8.2776560788609,-149.632530120482,-238.588170865279
2,63,-4.03559693318732,-26.4252464403067,-23.6579956188391,-14.7352135815991,-11.7568455640745,-6.04463307776564
2,64,9.9181270536692,11.9186746987951,-4.10870755750284,-21.5876232201533,-111.030120481928,-52.5071193866375
2,65,15.4920591456736,18.3321467688937,38.9512595837897,38.3493975903614,-18.5512048192771,-80.5383351588171
2,66,-40.2163198247536,-22.3403614457832,-25.0840635268347,-0.32146768893756,-126.754928806134,17.9961664841182
2,67,-37.2154983570646,-46.10569550931,-29.0878970427163,5.44852135815995,-153.173877327492,-40.0350492880614
2,68,15.1985213581599,5.57228915662643,-1.12541073384455,31.6908543263965,23.1029572836802,14.7272727272727
2,69,13.9649507119386,38.0243702081051,-5.00958378970438,-4.82365826944141,-90.302573932092,15.3368017524644
2,70,-2.94386637458928,-10.9644030668127,-14.0492880613363,-26.3713033953998,-98.5903614457831,-4.98302300109532
2,71,-12.7483570646222,-10.8860898138007,-16.9978094194962,4.84556407447974,162.299561883899,-21.5005476451259
2,72,10.9805585980284,14.947699890471,35.8299561883898,8.76615553121576,-141.634720700986,-41.184282584885
2,73,-10.6338992332969,-2.96577217962761,21.6692223439211,19.2705366922235,-157.654983570646,-42.1432092004382
2,74,-13.2721796276013,-12.6426615553122,-0.152519167579499,-12.3094194961665,-161.70591456736,-66.513691128149
2,75,48.5700985761226,30.4627601314348,63.7642387732749,6.92716319824757,-136.379518072289,-20.3573384446879
2,76,-27.3792442497262,-8.72097480832429,-4.57365826944147,16.5,-109.446056955093,-124.572015334064
2,77,-30.4457831325302,-54.448247535597,-35.7346659364732,-17.2582146768893,-77.7918948521358,-31.7784775465499
2,78,39.6338992332968,44.0761226725082,40.1470427163198,23.7171412924425,-127.876779846659,-39.1204819277108
2,79,-32.5093099671413,-19.4537239868566,-19.1610076670319,-22.5219058050383,-99.4403066812706,-127.80421686747
2,80,27.6914019715225,37.4361993428258,66.5977546549835,-1.98192771084337,111.522179627601,-5.58899233296825
2,81,-11.7688937568456,4.46522453450166,-12.7601314348303,8.30038335158821,-59.7968236582694,41.4613910186199
2,82,79.4216867469879,86.0115005476451,85.8242059145673,55.7384994523549,-7.1338992332968,101.420591456736
2,83,-12.8874589266156,-5.04134720700984,6.90690032858697,-18.0068455640745,-43.5060240963855,-43.7338444687842
2,84,-22.9446878422782,0.363910186199291,-25.2289156626507,8.10021905805041,-55.6286966046002,55.6544359255203
2,85,64.1215772179627,53.9759036144578,116.064074479737,66.7573932092005,186.044359255203,97.0090361445783
2,86,16.3781489594742,37.5542168674699,18.5596933187294,11.0334063526835,763.47426067908,174.758488499452
2,87,-34.6656626506024,-49.6130887185104,-58.8726725082147,-40.5287513691128,-103.47973713034,-72.7932639649507
2,88,-10.8077765607886,-13.7738225629792,-18.09282584885,9.92442497261777,107.057502738226,118.469058050383
2,89,10.6119934282585,28.1451259583789,-10.8546002190581,0.819003285870792,-131.517250821468,83.2839539978094
2,90,16.7730010952902,-3.8362541073385,9.97891566265059,0.302300109529028,345.76286966046,78.9441401971523
2,91,-3.98740416210296,4.07940854326398,23.3365279299014,1.20837897042719,-25.5517524644031,-122.679901423877
2,92,-46.7795728368018,-61.3469331872947,-54.9208652792991,-20.9027929901424,-154.204819277108,-78.0783132530121
2,93,-48.5180722891566,-57.1785323110624,-48.1303395399782,-13.9559145673603,16.7193318729463,-5.77026286966048
2,94,38.341182913472,73.9972617743701,58.2694414019714,36.1152792990143,-186.041894852136,66.9786418400876
2,95,62.7324753559693,51.236856516977,76.1256845564074,22.8912924424973,-129.793263964951,22.368291347207
2,96,-0.440854326396504,-11.8209200438116,-25.2012595837898,0.721248630887203,174.581325301205,-17.6432092004382
2,97,19.8748630887185,19.3165388828039,20.6719605695508,10.5553121577218,-82.3765060240964,-120.87595837897
2,98,-79.7680722891566,-98.0873493975904,-92.8332420591457,-28.0629791894852,-29.6722343921139,-66.6432092004382
2,99,3.6382803943045,-12.3211938663746,23.8127053669222,10.7541073384447,-198.642113910186,-31.2338444687842
2,100,27.3461117196057,14.4123767798467,-0.969605695509358,5.42579408543264,-51.9184008762322,22.6401971522453
3,1,-66.1059190031153,-101.286604361371,-88.7398753894081,-32.7585669781931,9.92679127725859,11.0264797507788
3,2,6.43613707165105,-3.01869158878503,26.101246105919,-45.2414330218068,-52.3489096573209,-86.3286604361371
3,3,-13.5591900311526,-52.9797507788162,-29.4158878504674,-30.0171339563863,-50.3629283489097,-78.0841121495327
3,4,21.632398753894,-16.4158878504672,6.32866043613694,-22.9859813084112,-76.6651090342679,-14.5436137071651
3,5,-39.4392523364486,-13.0638629283488,-21.6339563862929,-31.9252336448598,-41.9190031152648,-50.4065420560748
3,6,-22.8598130841121,-15.4657320872274,-35.9065420560748,2.11682242990656,3.05451713395638,-87.8333333333333
3,7,58.7118380062304,10.0451713395639,2.56853582554504,-49.1728971962617,-42.4252336448598,-87.8629283489096
3,8,50.5420560747663,86.619937694704,68.7959501557632,-1.1043613707165,-49.8380062305296,57.7834890965732
3,9,12.4937694704049,-5.61993769470405,34.7647975077882,-0.700934579439263,-20.1339563862928,64.3644859813085
3,10,62.334890965732,94.3566978193147,36.3831775700935,32.4158878504673,9.66666666666669,108.699376947041
3,11,-26.1059190031153,-30.5965732087227,-2.15576323987534,52.6588785046729,-17.7943925233645,-73.9610591900311
3,12,22.5623052959501,18.1682242990654,7.77570093457939,22.9143302180685,-18.5545171339564,18.9330218068536
3,13,-50.0747663551402,-49.7305295950156,2.66199376947043,24.7414330218069,-88.0498442367601,-54.5140186915888
3,14,94.4828660436136,84.8878504672897,108.638629283489,67.8535825545171,-89.3971962616822,-46.5389408099688
3,15,8.91744548286601,-29.607476635514,-3.54361370716515,5.37538940809969,13.4330218068536,-18.8271028037383
3,16,12.8115264797507,-28.0389408099688,-16.9049844236761,4.13239875389411,7.05919003115267,5.88473520249221
3,17,-60.8691588785047,-54.082554517134,-72.5841121495328,22.0778816199377,-80.5981308411215,-107.889408099688
3,18,-78.2227414330218,-74.1635514018691,-59.5747663551402,-7.91277258566976,-98.3348909657321,-97.095015576324
3,19,20.9267912772585,-7.92367601246099,-8.34423676012466,-7.30685358255448,117.397196261682,66.1619937694704
3,20,23.119937694704,-17.9080996884735,-12.152647975078,-54.9626168224299,22.4781931464175,25.373831775701
3,21,24.1230529595015,50.2118380062306,2.82866043613694,-1.13862928348908,-32.6853582554517,18.1401869158879
3,22,36.6682242990654,77.4299065420561,11.031152647975,-16.0778816199377,5.52959501557632,-39.4766355140187
3,23,23.9595015576324,-0.872274143302207,34.3878504672896,30.993769470405,100.267912772586,83.576323987539
3,24,24.841121495327,88.2990654205607,25.8021806853583,-41.5545171339564,-92.6433021806853,-52.7632398753894
3,25,-18.8021806853583,0.179127725856688,-4.21651090342675,1.82087227414331,-15.4766355140187,-40.9641744548286
3,26,-0.507788161993858,-47.9408099688474,-18.7881619937696,23.8161993769471,14.8551401869159,82.9641744548287
3,27,-51.9423676012461,-42.0872274143302,-65.0186915887851,-47.8161993769471,52.9252336448598,61.6386292834891
3,28,36.3691588785047,35.7507788161994,18.3707165109033,-40.607476635514,110.239875389408,52.9501557632399
3,29,-18.2990654205607,-36.1059190031152,-0.123052959501592,22.4532710280374,-3.25389408099687,-13.0031152647975
3,30,-36.4252336448599,-54.9423676012461,-37.9376947040499,-29.7772585669782,137.157320872274,55.0280373831776
3,31,42.3878504672897,10.272585669782,76.113707165109,70.9657320872274,-38.6542056074766,-13.4034267912772
3,32,-9.28971962616822,-39.4080996884735,-11.2897196261683,-11.6183800623053,-75.2570093457944,-71.7492211838006
3,33,4.5560747663551,30.2959501557633,-13.9968847352025,-17.5420560747663,133.531152647975,-12.8115264797508
3,34,-37.8146417445483,-73.7850467289719,-44.6993769470406,-21.917445482866,-14.2601246105919,-10.0576323987539
3,35,-40.1448598130842,-62.9704049844237,-81.4470404984424,-72.696261682243,-36.6993769470405,-2.4797507788162
3,36,-32.2133956386293,-23.3753894080996,-58.1947040498443,-21.2632398753894,86.4345794392523,-10.0436137071651
3,37,-16.2897196261682,-27.1526479750779,-25.2071651090343,-38.9688473520249,-37.7398753894081,-85.0856697819314
3,38,-58.8551401869159,-21.2866043613707,-40.0358255451714,-36.7429906542056,-66.4859813084112,-54.6168224299065
3,39,-45.5015576323988,-80.1993769470405,-37.9299065420561,-20.8520249221183,-7.64641744548285,-21.4859813084112
3,40,-2.18224299065423,-70.5591900311526,-48.1137071651091,-31.9501557632399,34.6292834890966,-4.34112149532706
3,41,15.8442367601245,40.493769470405,52.9517133956385,-11.1588785046729,56.4610591900312,4.06386292834895
3,42,-16.3224299065421,10.8286604361371,-16.9641744548287,-6.05763239875387,-31.3006230529595,-78.2180685358255
3,43,27.1028037383177,5.52492211838012,-0.878504672897179,-35.0373831775701,4.64330218068537,13.2242990654206
3,44,13.3115264797507,-4.71962616822429,1.01401869158872,9.87538940809969,-62.1152647975078,-49.892523364486
3,45,12.6339563862928,48.1323987538941,22.4470404984422,34.5716510903426,150.176012461059,112.057632398754
3,46,19.3862928348909,-31.2352024922118,-10.3535825545173,52.0747663551402,0.795950155763251,78.9361370716511
3,47,-20.8271028037384,-26.4485981308411,-50.2523364485982,-62.9205607476636,-66.4735202492212,-54.5700934579439
3,48,2.95482866043608,22.2507788161994,33.2570093457944,21.2616822429907,-37.4454828660436,-43.2165109034268
3,49,-16.9626168224299,-18.398753894081,-8.63862928348908,-21.6588785046729,-16.8426791277259,-33.8551401869159
3,50,20.1433021806853,24.7336448598131,-7.86915887850478,7.29750778816202,6.56074766355141,53.3489096573209
3,51,66.6168224299065,43.3785046728972,74.3909657320871,49.2414330218068,107.146417445483,48.3769470404985
3,52,-21.4579439252337,19.0934579439253,14.0280373831774,39.0404984423677,-20.6479750778816,-8.4143302180685
3,53,-24.0202492211838,-43.6760124610591,-28.8348909657321,60.5591900311527,43.6588785046729,-47.2414330218068
3,54,25.4906542056075,52.272585669782,16.8831775700935,-16.0311526479751,62.9750778816199,-15.1728971962617
3,55,-39.5404984423676,-64.7570093457944,-24.1884735202493,-16.3660436137072,17.8691588785047,42.3644859813085
3,56,5.24922118380061,-7.47196261682245,42.2943925233644,0.724299065420553,-38.8084112149533,-57.6775700934579
3,57,24.7585669781931,0.219626168224295,3.04049844236761,-6.67757009345792,27.8068535825545,-13.9376947040498
3,58,38.5716510903426,41.8598130841121,36.3271028037382,-18.3582554517134,159.417445482866,45.5856697819315
3,59,16.8738317757009,33.6495327102804,-4.5109034267914,3.42056074766356,-1.78193146417445,-19.5981308411215
3,60,-11.6822429906542,-15.8130841121495,-4.42679127725864,-35.2632398753894,-39.0373831775701,20.9065420560748
3,61,-59.9158878504674,-62.0342679127725,-69.5716510903427,-43.4221183800623,20.6760124610592,4.43769470404987
3,62,32.6682242990654,35.9641744548287,45.3831775700935,-20.5560747663552,-10.6433021806853,-33.2507788161994
3,63,-15.1666666666667,-4.80996884735202,-1.41121495327116,-33.1619937694704,-24.0747663551402,-35.8115264797508
3,64,2.50311526479743,29.380062305296,48.5763239875389,23.2274143302181,-36.3021806853583,-40.1869158878504
3,65,-9.9034267912773,-46.5233644859812,18.0280373831774,-3.08878504672896,55.2367601246106,41.1370716510904
3,66,14.5747663551401,12.3598130841121,7.78037383177571,5.51090342679129,-6.9221183800623,10.1697819314642
3,67,-15.7149532710281,-10.3520249221184,-16.3208722741433,-0.566978193146383,12.3271028037383,72.3644859813085
3,68,31.2866043613707,-40.0015576323988,-28.5062305295951,-13.5467289719626,31.1230529595015,79.6993769470405
3,69,-14.5529595015577,-26.8691588785047,-50.2461059190032,-27.8504672897196,4.0576323987539,-27.5919003115264
3,70,-60.7227414330218,-102.272585669782,-25.1090342679129,-13.5841121495327,-53.1043613707165,-48.429906542056
3,71,22.4205607476636,-21.8535825545171,-39.6339563862929,-8.03894080996884,21.2647975077882,64.3426791277259
3,72,59.1993769470405,66.898753894081,97,83.0872274143302,64.9034267912772,-26.2881619937694
3,73,36.9906542056075,84.5015576323988,36.5436137071652,14.2616822429907,21.3052959501558,44.4236760124611
3,74,-83.0389408099688,-105.028037383178,-119.690031152648,-63.4034267912772,-65.9408099688473,-37.0280373831775
3,75,0.562305295950068,11.373831775701,20.8676012461058,44.7741433021807,90.9719626168225,74.5327102803739
3,76,-31.2461059190032,-1.3520249221184,3.18691588785032,36.4080996884736,-31.208722741433,-66.8271028037383
3,77,3.7445482866043,-1.73364485981301,-43.2772585669783,16.1308411214953,-2.39719626168224,0.884735202492209
3,78,-2.72741433021815,-5.9844236760124,-26.8442367601247,3.99688473520251,-20.9034267912772,-24.4158878504673
3,79,-21.4190031152648,17.6261682242991,41.1355140186915,3.90186915887853,-23.7507788161994,63.3348909657321
3,80,-60.2866043613708,-65.8769470404984,-90.873831775701,-43.227414330218,97.5280373831776,-6.80685358255448
3,81,55.4766355140187,42.9532710280374,70.8489096573207,68.2211838006231,-10.0327102803738,62.9844236760125
3,82,-3.61993769470405,-0.856697819314604,61.2227414330218,-12.2258566978193,33.6261682242991,51.9859813084112
3,83,29.9906542056075,32.8722741433022,7.15109034267903,-28.7725856697819,27.981308411215,61.6292834890966
3,84,-56.7507788161994,-50.018691588785,-86.9034267912773,-8.86915887850466,13.3068535825545,94.6059190031153
3,85,7.32554517133951,4.80841121495325,18.4532710280373,53.785046728972,9.81464174454828,171.485981308411
3,86,59.1230529595015,51.8286604361371,39.8224299065421,25.6370716510904,49.5482866043614,66.6573208722742
3,87,-24.8333333333334,-19.3909657320872,-36.7990654205609,-12.0576323987539,16.3707165109034,9.09968847352025
3,88,44.2258566978193,98.0747663551402,77.6619937694704,-12.0778816199377,-102.45015576324,-79.9610591900311
3,89,23.7663551401869,8.94704049844233,36.9641744548287,37.0389408099689,-8.62305295950156,-19.6168224299065
3,90,-0.364485981308462,-2.04672897196258,-0.771028037383303,20.2383177570094,-29.9158878504673,38.6682242990655
3,91,80.1277258566978,38.291277258567,90.9875389408098,37.2305295950156,-12.6806853582555,-66.2476635514018
3,92,-10.7616822429907,-11.619937694704,-35.0669781931465,-3.89408099688472,45.8894080996885,73.6121495327103
3,93,-27.3006230529595,-33.1214953271028,-50.5451713395639,13.4080996884736,56.076323987539,-6.63707165109031
3,94,35.4470404984423,-8.31308411214945,3.85825545171338,3.47507788161994,26.6386292834891,6.71339563862932
3,95,-44.3551401869159,-59.5109034267913,-38.6230529595016,-21.1838006230529,-83.2196261682243,-96.1822429906542
3,96,1.13707165109031,11.493769470405,25.3286604361369,5.88161993769472,48.4205607476636,5.47040498442368
3,97,-51.2866043613708,-31.2585669781931,-30.2149532710281,-54.0404984423676,-40.3722741433022,-30.4704049844237
3,98,-28.595015576324,-2.50623052959497,-23.2336448598131,-23.6152647975078,78.7694704049844,-27.1464174454829
3,99,-0.644859813084167,22.5155763239876,-37.9127725856698,2.69470404984423,150.076323987539,109.652647975078
3,100,-4.26947040498442,-11.7009345794393,9.05919003115264,-17.3535825545171,-43.1355140186916,-47.0872274143302
